"","PROBEID","logFC","AveExpr","t","P.Value","adj.P.Val","B","SYMBOL","GENENAME"
"31","ILMN_1677827",0.110381565903893,8.28212890628248,6.23291879507597,1.09104416131994e-09,5.31796745110567e-05,11.1919587497545,"TLR7","toll like receptor 7"
"123","ILMN_1764709",0.254037747961078,9.29991191358913,6.0298295512447,3.53031177300334e-09,8.60372282198645e-05,10.0487636009652,"MAFB","MAF bZIP transcription factor B"
"19","ILMN_1665332",-0.137205511644844,8.26119432975694,-5.57018237114461,4.48620452210083e-08,0.000546666452040597,7.58053215145032,NA,NA
"165","ILMN_1793410",0.0929665672886699,8.41347649662851,5.58381525094212,4.17013127657762e-08,0.000546666452040597,7.65131896729023,"SNTB1","syntrophin beta 1"
"20","ILMN_1666633",-0.0558102057339465,8.02284642877969,-5.22331600535894,2.7408475305001e-07,0.00123385944170959,5.83027306654182,NA,NA
"96","ILMN_1739428",0.406019090384165,10.6958524691185,5.23357111419146,2.60159067740449e-07,0.00123385944170959,5.88060504192859,"IFIT2","interferon induced protein with tetratricopeptide repeats 2"
"108","ILMN_1748473",0.178040929441448,12.2060192561937,5.37229393194838,1.27450639118569e-07,0.00123385944170959,6.56996450169763,"GIMAP4","GTPase, IMAP family member 4"
"142","ILMN_1777325",0.374165337122788,10.6305421952057,5.27776988874921,2.07597044915022e-07,0.00123385944170959,6.09852542968536,"STAT1","signal transducer and activator of transcription 1"
"153","ILMN_1784333",0.0807776700178806,8.36759743377474,5.25748317330105,2.30299969717108e-07,0.00123385944170959,5.99830252187471,"SECISBP2L","SECIS binding protein 2 like"
"183","ILMN_1810289",0.158843347581689,8.28435312872985,5.32196233039945,1.65403357206782e-07,0.00123385944170959,6.31802277282026,"MYOF","myoferlin"
"208","ILMN_2090397",-0.135130697477651,8.87706877424594,-5.22020162530609,2.78455005104541e-07,0.00123385944170959,5.81500492586751,"ISG20L2","interferon stimulated exonuclease gene 20 like 2"
"101","ILMN_1742431",-0.158883136935922,9.02315586051171,-5.13675012249067,4.24221948300233e-07,0.00153384111252425,5.40887903059668,NA,NA
"160","ILMN_1788160",0.0576131839709886,8.0088494236947,5.12563030833256,4.48511492064842e-07,0.00153384111252425,5.35519982603264,"KIF5B","kinesin family member 5B"
"244","ILMN_2336982",0.206015482439575,10.4735634322031,5.11540621299475,4.72028572645025e-07,0.00153384111252425,5.30593538906419,"NPTN","neuroplastin"
"258","ILMN_2403237",0.0639366089480617,8.08554016132944,5.11761340793632,4.66852764453755e-07,0.00153384111252425,5.31656331106132,"CHN2","chimerin 2"
"170","ILMN_1797341",0.163795368489556,9.88925513572586,5.0958149433095,5.20470129237742e-07,0.00158554718995663,5.21177889672811,"ARID1A","AT-rich interaction domain 1A"
"80","ILMN_1724181",0.0778620566167074,8.03854321821333,5.07849086297114,5.67285915315642e-07,0.00159624975839926,5.12878532775648,"IL15","interleukin 15"
"216","ILMN_2123312",-0.190995915455559,11.6325552231187,-5.07075568788694,5.89481261564701e-07,0.00159624975839926,5.09180975157771,"ERAP2","endoplasmic reticulum aminopeptidase 2"
"57","ILMN_1705241",0.139274085158933,8.7310669585867,5.05899533597555,6.24843959358737e-07,0.0016029549614244,5.03568888142652,"TDRD7","tudor domain containing 7"
"126","ILMN_1766916",0.0778550946750016,8.21100875093037,5.02269783765492,7.47409026282974e-07,0.00182151053795424,4.86320558335984,"RPAP3","RNA polymerase II associated protein 3"
"46","ILMN_1695917",0.158834490708168,9.19409682758211,4.99812777849071,8.4323991313818e-07,0.00195719999267529,4.74707704498168,"C5orf15","chromosome 5 open reading frame 15"
"211","ILMN_2110751",-0.13597155868707,9.2543837776501,-4.98558998327169,8.96613023571632e-07,0.00198648690886039,4.68801340662455,"CHRNA5","cholinergic receptor nicotinic alpha 5 subunit"
"140","ILMN_1774077",0.289046087428011,11.7041728724807,4.95108138049065,1.06091713782256e-06,0.00224831404920639,4.52613130196818,"GBP2","guanylate binding protein 2"
"206","ILMN_2078724",-0.164958914066521,10.4042673343884,-4.92282628097436,1.21675658827973e-06,0.00247113123441378,4.39433174606257,NA,NA
"90","ILMN_1733412",-0.0506838912272984,7.89553867148533,-4.87763931949013,1.51290053862698e-06,0.00294967192215024,4.18495256605472,NA,NA
"1","ILMN_1651346",0.074268693872428,8.46708127251213,4.86454929506812,1.61095004589971e-06,0.00297636812139914,4.12462110148893,"TICAM2","TIR domain containing adaptor molecule 2"
"2","ILMN_1651346",0.074268693872428,8.46708127251213,4.86454929506812,1.61095004589971e-06,0.00297636812139914,4.12462110148893,"TMED7-TICAM2","TMED7-TICAM2 readthrough"
"50","ILMN_1701114",0.316515203209898,8.90422154005057,4.85971089315678,1.64872059574447e-06,0.00297636812139914,4.10235782611259,"GBP1","guanylate binding protein 1"
"245","ILMN_2360705",0.0733046461497455,8.35653004264801,4.79437174574088,2.25038471972951e-06,0.00391743757175198,3.8036544570656,"ACSL3","acyl-CoA synthetase long chain family member 3"
"239","ILMN_2316878",0.0375212918942358,7.88790375810085,4.77593134139555,2.45535692028718e-06,0.00412686231064268,3.7200096237004,"PTPRO","protein tyrosine phosphatase receptor type O"
"81","ILMN_1724493",0.194533471086011,10.3220834595512,4.66796010616684,4.06773264056161e-06,0.00600816437473497,3.23608593228096,"LYSMD2","LysM domain containing 2"
"199","ILMN_1900734",-0.120232221771186,8.54077325522334,-4.66937672099568,4.04112997131471e-06,0.00600816437473497,3.24237051662225,NA,NA
"229","ILMN_2249920",-0.169230911266517,9.04824019616972,-4.67230922141788,3.98659109081838e-06,0.00600816437473497,3.25538555779208,"FYN","FYN proto-oncogene, Src family tyrosine kinase"
"236","ILMN_2288483",-0.184788173155729,11.0959915563826,-4.68796645518587,3.70716937311398e-06,0.00600816437473497,3.32500045293988,"CEP19","centrosomal protein 19"
"35","ILMN_1684771",0.167653687320989,9.27460158720907,4.64065877753128,4.61455939474053e-06,0.00632309749961969,3.1153046910634,"PGRMC1","progesterone receptor membrane component 1"
"92","ILMN_1734483",-0.107740969173268,8.78514364104952,-4.63210982388908,4.79985654027181e-06,0.00632309749961969,3.07761579923996,"BSDC1","BSD domain containing 1"
"103","ILMN_1745784",-0.107579272517343,8.48499083406089,-4.64200705748187,4.58597072823615e-06,0.00632309749961969,3.12125445278826,"ZNF324","zinc finger protein 324"
"215","ILMN_2118864",0.0688859925817447,8.21622257833327,4.63294084805281,4.78153506061237e-06,0.00632309749961969,3.08127669112812,"RAB1A","RAB1A, member RAS oncogene family"
"82","ILMN_1725312",0.108252031750458,8.64834620111047,4.61074848465798,5.29464651405343e-06,0.00661722206123057,2.9837172149727,"RASA1","RAS p21 protein activator 1"
"214","ILMN_2115949",-0.169214215650266,10.0244762769072,-4.61487858552293,5.19531080005667e-06,0.00661722206123057,3.00184136230382,"ZNF394","zinc finger protein 394"
"45","ILMN_1692826",-0.058117397146539,8.02545814940361,-4.57506407692227,6.23233849979553e-06,0.00715688593395718,2.8277355854815,"UNKL","unk like zinc finger"
"47","ILMN_1698725",0.0841620677160382,8.07128248220352,4.56428033484796,6.54577504448039e-06,0.00715688593395718,2.78081456453035,"FRMD3","FERM domain containing 3"
"93","ILMN_1735415",-0.0677435357733422,8.60350176906543,-4.55737824785455,6.75427255676891e-06,0.00715688593395718,2.7508357086283,"NUDT16L1","nudix hydrolase 16 like 1"
"112","ILMN_1757287",0.0571507886580891,8.03130931291747,4.58755452778277,5.88730049821547e-06,0.00715688593395718,2.88220816434405,"MAPK6","mitogen-activated protein kinase 6"
"147","ILMN_1779706",0.0340224017850126,7.92250470800413,4.57659100925593,6.18913920518101e-06,0.00715688593395718,2.83438752187486,"TP53BP2","tumor protein p53 binding protein 2"
"172","ILMN_1798827",0.087756920817899,8.4730251612613,4.56887483788414,6.41042545613164e-06,0.00715688593395718,2.80079337322798,"SRBD1","S1 RNA binding domain 1"
"254","ILMN_2394571",0.0757533608796574,8.81107952345751,4.56216130325466,6.60912016085724e-06,0.00715688593395718,2.77160628092367,"FBXW11","F-box and WD repeat domain containing 11"
"28","ILMN_1676448",0.152383560710987,9.12745563070441,4.53526299225816,7.46613449451948e-06,0.00730521290679217,2.65505672741125,"WDFY1","WD repeat and FYVE domain containing 1"
"44","ILMN_1691736",-0.0842826889194104,8.284921628305,-4.53006445929259,7.64363091884619e-06,0.00730521290679217,2.63260383697967,"ST6GALNAC6","ST6 N-acetylgalactosaminide alpha-2,6-sialyltransferase 6"
"144","ILMN_1778177",0.0927524694508399,9.37934684593951,4.54713443275025,7.07550838022437e-06,0.00730521290679217,2.70641815784685,"ZNF207","zinc finger protein 207"
"146","ILMN_1779252",0.256707686849031,9.46694349872191,4.53198298816556,7.57765920729351e-06,0.00730521290679217,2.64088739622477,"TRIM22","tripartite motif containing 22"
"246","ILMN_2361104",-0.178776700523599,10.6456462425019,-4.53707927565834,7.40505762976978e-06,0.00730521290679217,2.66290691986493,"ZMAT3","zinc finger matrin-type 3"
"41","ILMN_1688698",0.0677549740747985,8.27943020683257,4.52339873961414,7.87715252239025e-06,0.00738361862012203,2.60384829115278,"ZEB2","zinc finger E-box binding homeobox 2"
"52","ILMN_1703335",0.153686581961299,9.17818027779337,4.51585009929184,8.14986974431776e-06,0.00749511228448181,2.57133035532529,"LACTB","lactamase beta"
"149","ILMN_1781010",0.168023704440238,10.0945574754759,4.50668620734033,8.49312387705953e-06,0.00766614525954881,2.53192063520174,"ARHGEF3","Rho guanine nucleotide exchange factor 3"
"48","ILMN_1700238",-0.0528628813394043,8.02571601992453,-4.50117827507189,8.70606212734784e-06,0.00771547054929433,2.50826857015142,"ZNF500","zinc finger protein 500"
"228","ILMN_2235745",-0.17137157927608,10.3073972074181,-4.46631174638566,1.01776070745919e-05,0.0088585165005314,2.35915635158958,"GRIPAP1","GRIP1 associated protein 1"
"105","ILMN_1747223",0.0676082551174488,8.57255990848769,4.45313973428056,1.07933053883892e-05,0.00922960160071696,2.30309911104245,"FRYL","FRY like transcription coactivator"
"42","ILMN_1690921",0.263877783167457,10.9018173418918,4.42989929868139,1.19676541384604e-05,0.00933334681155427,2.20456108202781,"STAT2","signal transducer and activator of transcription 2"
"78","ILMN_1722492",-0.151447792904612,10.7903474841711,-4.43292579261758,1.18080686091801e-05,0.00933334681155427,2.21736659166142,"DUSP19","dual specificity phosphatase 19"
"117","ILMN_1762615",0.0673611386352491,8.59088520851655,4.42964143614831,1.19813461859293e-05,0.00933334681155427,2.203470399364,"ABRAXAS2","abraxas 2, BRISC complex subunit"
"134","ILMN_1769546",0.0649453330259355,8.10343246794378,4.42702074401675,1.2121354045379e-05,0.00933334681155427,2.19238892949189,"RIN2","Ras and Rab interactor 2"
"169","ILMN_1796537",0.180510357529142,10.9591692958487,4.44145066798008,1.13694377747943e-05,0.00933334681155427,2.25347939610084,"FYB1","FYN binding protein 1"
"209","ILMN_2096116",0.160547717077984,10.05590013365,4.44167613819355,1.13580512205849e-05,0.00933334681155427,2.25443538493666,"HSP90B1","heat shock protein 90 beta family member 1"
"213","ILMN_2114568",0.350964673927434,9.43627494197832,4.4245456666313,1.22550202277189e-05,0.00933334681155427,2.18192868056598,"GBP5","guanylate binding protein 5"
"15","ILMN_1661833",0.125060426812302,8.42331611267679,4.41047455163265,1.30421630213101e-05,0.00978001707668765,2.12256239284455,"ANKRD12","ankyrin repeat domain 12"
"152","ILMN_1783424",0.144274558579694,9.31538752362728,4.40680762923218,1.32551097882648e-05,0.00978909941363034,2.10711994768052,"PUM1","pumilio RNA binding family member 1"
"187","ILMN_1814305",0.17124923188153,8.9744712521437,4.40268889204201,1.34982630434779e-05,0.00981988563082388,2.08978877398214,"SAMD9","sterile alpha motif domain containing 9"
"38","ILMN_1686906",-0.0732731675612364,8.35504226579305,-4.3759595886327,1.51831534700195e-05,0.0108831950946425,1.97767493689208,"TP53INP2","tumor protein p53 inducible nuclear protein 2"
"256","ILMN_2399264",-0.099874973419297,8.70450601914168,-4.37042868807516,1.55560797792817e-05,0.0109889049362572,1.95455399592061,"SEPTIN6","septin 6"
"190","ILMN_1824898",-0.101785227943969,8.46165774818688,-4.36348267363347,1.60368441756199e-05,0.011166683697258,1.92555532083678,NA,NA
"107","ILMN_1748407",-0.025915526115619,7.84872679991455,-4.35660806617741,1.65266397372995e-05,0.011345654564443,1.89689632267506,NA,NA
"225","ILMN_2206188",-0.14121788624491,9.51019601785191,-4.31850666904488,1.95113925332888e-05,0.0132086707619106,1.73880888129498,"SHROOM4","shroom family member 4"
"139","ILMN_1773865",0.0516787194116048,8.16877434527393,4.29338444094493,2.17541365076236e-05,0.0145252071459533,1.63527012760553,"HSPA5","heat shock protein family A (Hsp70) member 5"
"67","ILMN_1715991",0.227907637839353,8.85602418828022,4.27000145345625,2.40612397642964e-05,0.0147752832715197,1.53939769563501,"CAVIN2","caveolae associated protein 2"
"115","ILMN_1759030",0.0374245429249944,7.88340508686105,4.26808349205038,2.42605066481457e-05,0.0147752832715197,1.53155521197763,"MAP4K5","mitogen-activated protein kinase kinase kinase kinase 5"
"196","ILMN_1878029",-0.0793353892298079,8.41950365766535,-4.26243207468109,2.48568632445245e-05,0.0147752832715197,1.5084655657005,NA,NA
"212","ILMN_2111918",0.0865821669989852,8.27926325420453,4.26273896573717,2.48241229188403e-05,0.0147752832715197,1.50971868976125,"PCNX4","pecanex 4"
"218","ILMN_2154322",-0.149779059326722,9.46524160368418,-4.28038846102389,2.30089412030125e-05,0.0147752832715197,1.58192605550759,"SEMA3E","semaphorin 3E"
"241","ILMN_2326509",0.167522499273531,9.86991746414519,4.26724885068607,2.43477129449647e-05,0.0147752832715197,1.52814340049177,"CASP1","caspase 1"
"251","ILMN_2380566",0.0736539709559167,8.31535874178153,4.2653102072917,2.45514255912238e-05,0.0147752832715197,1.52022106190443,"SIAH1","siah E3 ubiquitin protein ligase 1"
"252","ILMN_2388547",0.386959338271827,9.7634502060862,4.26673860752033,2.44011722749637e-05,0.0147752832715197,1.52605795207819,"EPSTI1","epithelial stromal interaction 1"
"259","ILMN_2410742",0.134694367247477,8.63803019871812,4.27393890193593,2.36570438435142e-05,0.0147752832715197,1.55550793962227,"JMJD1C","jumonji domain containing 1C"
"74","ILMN_1718610",0.134929023074047,9.57563609529064,4.25531742718808,2.56275378058214e-05,0.0150498487678475,1.47943766304772,"ARHGAP17","Rho GTPase activating protein 17"
"182","ILMN_1809086",0.10461549792195,8.7170413765551,4.24781618562055,2.64647651512257e-05,0.0151758303882475,1.44888071929532,"XRN1","5'-3' exoribonuclease 1"
"217","ILMN_2148785",0.291779993405545,8.86602560077875,4.24910715487487,2.63188420114355e-05,0.0151758303882475,1.45413606133733,"GBP1","guanylate binding protein 1"
"151","ILMN_1781373",0.154150272062775,8.4670993883178,4.23910714573536,2.74695434753534e-05,0.015397878709676,1.41346589103506,"IFIH1","interferon induced with helicase C domain 1"
"192","ILMN_1858815",-0.0251348066097057,7.72135192442646,-4.2389857641279,2.74838013980102e-05,0.015397878709676,1.41297277172542,NA,NA
"150","ILMN_1781097",0.156742296336921,9.50734266874515,4.23531943412947,2.79178045851981e-05,0.015463291262406,1.39808422919811,"UBXN4","UBX domain protein 4"
"55","ILMN_1704621",0.0349342638607562,7.98584500994112,4.23217996949492,2.8294629212821e-05,0.0154959192931609,1.38534464402617,"WDR44","WD repeat domain 44"
"161","ILMN_1791375",-0.141728715665973,9.32544263519051,-4.21434804745006,3.05287226972247e-05,0.0164825086618917,1.31314967615366,"STAG3L1","STAG3 cohesin complex component like 1 (pseudogene)"
"162","ILMN_1791375",-0.141728715665973,9.32544263519051,-4.21434804745006,3.05287226972247e-05,0.0164825086618917,1.31314967615366,"STAG3L3","STAG3 cohesin complex component like 3 (pseudogene)"
"163","ILMN_1791375",-0.141728715665973,9.32544263519051,-4.21434804745006,3.05287226972247e-05,0.0164825086618917,1.31314967615366,"STAG3L2","STAG3 cohesin complex component like 2 (pseudogene)"
"203","ILMN_2064917",0.0825094767715218,8.35880950414738,4.21247896467557,3.07723993318318e-05,0.0164825086618917,1.30559868549957,"AGGF1","angiogenic factor with G-patch and FHA domains 1"
"188","ILMN_1814726",0.125555857514799,9.28812775729831,4.18725791871431,3.42473682255978e-05,0.0181444045875227,1.20400876101407,"SCARB2","scavenger receptor class B member 2"
"63","ILMN_1711919",0.09179777297485,8.43245120397808,4.1831626546272,3.48457798938157e-05,0.0182629355224125,1.18756615650337,"SCYL2","SCY1 like pseudokinase 2"
"100","ILMN_1742163",-0.167758441679457,12.714732964825,-4.17564583442083,3.59701816930184e-05,0.0186516871923521,1.15742449836416,"MTMR12","myotubularin related protein 12"
"59","ILMN_1708485",-0.073459739907177,8.17610052310457,-4.1658446734011,3.74882849939558e-05,0.0186612744959817,1.11819795432027,"BIN3","bridging integrator 3"
"77","ILMN_1720865",-0.07239909366427,8.28578985596813,-4.16648338064394,3.73875245579351e-05,0.0186612744959817,1.12075162100291,"OSBPL7","oxysterol binding protein like 7"
"221","ILMN_2175094",-0.0757471479636234,8.40007154209544,-4.16692395411699,3.73181714966346e-05,0.0186612744959817,1.12251332359489,"TDRD1","tudor domain containing 1"
"255","ILMN_2399174",-0.0577638289346147,8.0199399370409,-4.16564331772294,3.75201038243447e-05,0.0186612744959817,1.11739297288503,"TRAK1","trafficking kinesin protein 1"
"43","ILMN_1691731",0.220753511431047,9.08470052249409,4.15602810269098,3.90698344636934e-05,0.0190434187142934,1.07899496593395,"PARP14","poly(ADP-ribose) polymerase family member 14"
"243","ILMN_2334242",-0.142089788321707,9.99699753455143,-4.15745020648489,3.88368463375113e-05,0.0190434187142934,1.08466892668054,"CREB1","cAMP responsive element binding protein 1"
"200","ILMN_1903914",-0.17983111158412,9.24439155757488,-4.14860909375458,4.03070623012299e-05,0.0194519488186787,1.04942338648462,NA,NA
"5","ILMN_1655077",0.124309519647964,8.81707772836906,4.13112548455335,4.33719434161368e-05,0.020725835941072,0.97992802652441,"PRDM1","PR/SET domain 1"
"58","ILMN_1708006",0.114848559465534,8.76487411564325,4.12750866130223,4.40330848522096e-05,0.0208010605172695,0.965585398484501,"MICB","MHC class I polypeptide-related sequence B"
"136","ILMN_1771385",0.239897379513652,9.01305466912608,4.12561594167443,4.43828791144399e-05,0.0208010605172695,0.958084383468423,"GBP4","guanylate binding protein 4"
"91","ILMN_1733998",0.25731742150109,9.96474001347113,4.11879538243832,4.56654542729296e-05,0.0209983544544447,0.9310802695039,"DHRS9","dehydrogenase/reductase 9"
"94","ILMN_1737462",0.15898824136193,8.81198284491814,4.12104857514,4.52378997816334e-05,0.0209983544544447,0.939996595524899,"OXR1","oxidation resistance 1"
"223","ILMN_2186877",-0.0718716007393585,8.24531402328328,-4.11241428478478,4.68972641820061e-05,0.0213632378575639,0.905853464271685,"EBLN2","endogenous Bornavirus like nucleoprotein 2"
"135","ILMN_1771238",0.0698210714849914,8.18741213199298,4.10185188763406,4.90059874270707e-05,0.0219348678176286,0.864175909748159,"CHM","CHM Rab escort protein"
"181","ILMN_1808395",-0.138184190565141,9.18247714244067,-4.10162546407493,4.90521642961207e-05,0.0219348678176286,0.863283562932603,"ACAP1","ArfGAP with coiled-coil, ankyrin repeat and PH domains 1"
"13","ILMN_1661342",-0.100590547057754,8.49145144042883,-4.09942336961482,4.95034238921905e-05,0.0219354171577559,0.85460737169725,"SEPTIN6","septin 6"
"61","ILMN_1710434",-0.146547779856949,10.6103552368707,-4.09238924613981,5.09714779675795e-05,0.0223824484603222,0.826921984633328,"TBC1D10C","TBC1 domain family member 10C"
"6","ILMN_1655572",-0.023422024265777,7.82049216357482,-4.07503890384829,5.47716389453473e-05,0.0226244002158824,0.758821376681203,"AGPAT4-IT1","AGPAT4 intronic transcript 1"
"64","ILMN_1712312",0.174874435540328,9.65152950973612,4.07514938412287,5.47466103072912e-05,0.0226244002158824,0.759254168005471,"RAB11A","RAB11A, member RAS oncogene family"
"71","ILMN_1716862",0.143419634386902,9.19668247740922,4.08607447168354,5.23245885319203e-05,0.0226244002158824,0.802105323239429,"PPM1B","protein phosphatase, Mg2+/Mn2+ dependent 1B"
"89","ILMN_1731224",0.241237004856391,9.49131332291569,4.08512235860347,5.25315442026326e-05,0.0226244002158824,0.798366655189172,"PARP9","poly(ADP-ribose) polymerase family member 9"
"111","ILMN_1753190",0.0275803641382302,7.85840655843587,4.07762512885548,5.4188588923689e-05,0.0226244002158824,0.768955406681791,NA,NA
"145","ILMN_1779034",-0.0780098422644961,8.48803170500148,-4.07803892713932,5.40958497708199e-05,0.0226244002158824,0.770577412618547,"NADSYN1","NAD synthetase 1"
"155","ILMN_1784737",-0.172771055028665,10.2098600544341,-4.07643637306722,5.44558506762699e-05,0.0226244002158824,0.764296570763848,"S1PR4","sphingosine-1-phosphate receptor 4"
"7","ILMN_1657361",-0.0934253351837953,8.75793528583529,-4.0569282713685,5.90248602568409e-05,0.0235437492268754,0.688022308840042,"CBX7","chromobox 7"
"69","ILMN_1716678",0.186906254213229,13.1793155173683,4.05763957277668,5.88520511556388e-05,0.0235437492268754,0.690797457612161,"NPC2","NPC intracellular cholesterol transporter 2"
"133","ILMN_1769520",0.289461110876848,11.7864503244336,4.05992242088797,5.83006801405167e-05,0.0235437492268754,0.699707053407016,"UBE2L6","ubiquitin conjugating enzyme E2 L6"
"189","ILMN_1820759",-0.125577404067585,8.44654187120819,-4.05534011944749,5.94124400907981e-05,0.0235437492268754,0.681827746243746,NA,NA
"191","ILMN_1850677",-0.0754535130215377,8.17356353135306,-4.06316379564503,5.75262262637128e-05,0.0235437492268754,0.712365599687539,NA,NA
"18","ILMN_1664776",0.136720223802929,9.19745486127967,4.03735153225023,6.39746857655303e-05,0.0243551724227973,0.611820415417523,"EFR3A","EFR3 homolog A"
"39","ILMN_1688346",0.0906287892712641,8.41892378944662,4.03962018744835,6.33814965524339e-05,0.0243551724227973,0.620633592782576,"ZNF800","zinc finger protein 800"
"40","ILMN_1688622",0.094051064939217,9.02859341090483,4.03708764415812,6.40440264056117e-05,0.0243551724227973,0.610795571852221,"UBQLN1","ubiquilin 1"
"179","ILMN_1805395",-0.0832225739198371,8.23881653104559,-4.03951143244195,6.34098132844415e-05,0.0243551724227973,0.620211001146914,"LTBP3","latent transforming growth factor beta binding protein 3"
"227","ILMN_2227495",-0.162752146819262,12.108739905162,-4.03551739879635,6.44581109216045e-05,0.0243551724227973,0.60469860469587,"ZNF549","zinc finger protein 549"
"247","ILMN_2367239",0.0403098584180936,7.98523471274006,4.04163983136852,6.28578160248248e-05,0.0243551724227973,0.628483282017429,"RCAN1","regulator of calcineurin 1"
"168","ILMN_1795762",0.153811553959487,11.373138600336,4.02652096255563,6.68799859886578e-05,0.0250758790543012,0.569809525258525,"PLEK","pleckstrin"
"197","ILMN_1880280",-0.109367181943968,8.68501771474465,-4.01898216737655,6.89757580624267e-05,0.0256642473242657,0.54062892713277,"FOXP1-IT1","FOXP1 intronic transcript 1"
"104","ILMN_1747052",0.0600614376207584,8.148986698834,4.00225819561719,7.3849749490112e-05,0.0271166587869757,0.476076150110644,"ITGA4","integrin subunit alpha 4"
"180","ILMN_1805992",0.103546073728015,8.33660333304825,4.00178616491128,7.39919498311061e-05,0.0271166587869757,0.474257785638269,"SHTN1","shootin 1"
"98","ILMN_1741159",0.0968685399948352,8.57051085663771,3.99690851845638,7.54766481851601e-05,0.0274543491480677,0.455479692067435,"MAP3K8","mitogen-activated protein kinase kinase kinase 8"
"75","ILMN_1720113",0.0239556734322113,7.82063779805164,3.99404608146803,7.63610577553519e-05,0.027570301311936,0.444469704458107,"PTPRO","protein tyrosine phosphatase receptor type O"
"66","ILMN_1714418",-0.130983084765511,8.62135178284317,-3.97598694388081,8.21716135979495e-05,0.0294500646322886,0.375176492507418,"RFLNB","refilin B"
"175","ILMN_1801822",0.131621521302653,9.24682930360417,3.96713992859865,8.51688943916576e-05,0.0303014762805706,0.341336808332389,"ARK2N","arkadia (RNF111) N-terminal like PKA signaling regulator 2N"
"62","ILMN_1711878",0.0760032654989757,8.40075331910382,3.96313843974607,8.65583449660301e-05,0.0303906892352445,0.326054188090106,"ENOPH1","enolase-phosphatase 1"
"116","ILMN_1761733",0.147617954682181,11.3128315954492,3.96282909807418,8.66666489618601e-05,0.0303906892352445,0.324873336902614,"HLA-DMB","major histocompatibility complex, class II, DM beta"
"109","ILMN_1750785",-0.0862956995743041,8.40576054475867,-3.95905771624462,8.79974262814011e-05,0.0306369325129146,0.310483715728409,"SYTL1","synaptotagmin like 1"
"207","ILMN_2087303",-0.124862172489273,8.88741204869406,-3.95506648427505,8.94268683769574e-05,0.0309137902016288,0.295269133244359,"XKR8","XK related 8"
"84","ILMN_1727001",0.0658557752545708,8.33219945834907,3.94821598152221,9.19317910910186e-05,0.0315559109954819,0.269188268752146,"DDX46","DEAD-box helicase 46"
"205","ILMN_2072541",0.0700515362320058,8.20527888132325,3.94626891779258,9.26557930338365e-05,0.031582018629757,0.26178318602316,"RAB11FIP2","RAB11 family interacting protein 2"
"14","ILMN_1661683",-0.0235478644051677,7.78752832468275,-3.94053719334126,9.48185918445647e-05,0.0320947764144984,0.240003983331416,"THRA","thyroid hormone receptor alpha"
"24","ILMN_1670638",-0.0980646845189046,8.90702270756418,-3.93723665795144,9.60856256975808e-05,0.0322993487431137,0.227476086751687,"PITPNC1","phosphatidylinositol transfer protein cytoplasmic 1"
"70","ILMN_1716816",0.147061000261141,10.2296650909749,3.93245445178283,9.79499461565368e-05,0.0323871872224657,0.209341515412744,"TMEM87A","transmembrane protein 87A"
"128","ILMN_1768754",-0.103383687999138,8.65160128072971,-3.9330174076414,9.77287139197634e-05,0.0323871872224657,0.211475231559691,"PILRB","paired immunoglobin like type 2 receptor beta"
"129","ILMN_1768754",-0.103383687999138,8.65160128072971,-3.9330174076414,9.77287139197634e-05,0.0323871872224657,0.211475231559691,"STAG3L5P-PVRIG2P-PILRB","STAG3L5P-PVRIG2P-PILRB readthrough"
"167","ILMN_1795228",0.204515259225222,10.8123469438652,3.93146403233822,9.83403165427132e-05,0.0323871872224657,0.205588315973911,"ZFAND5","zinc finger AN1-type containing 5"
"102","ILMN_1743205",-0.114531451621719,8.39345845573241,-3.92656214631258,0.000100294174278042,0.0328089841789283,0.187025546793758,"ABCA7","ATP binding cassette subfamily A member 7"
"11","ILMN_1659490",-0.123921712428455,8.52051719903818,-3.92205651091054,0.000102122473805282,0.032853476718968,0.169982335780913,NA,NA
"72","ILMN_1717052",-0.0847458958319276,8.31614071643861,-3.92125191271517,0.00010245226829599,0.032853476718968,0.166940744621285,"STARD10","StAR related lipid transfer domain containing 10"
"166","ILMN_1793433",0.168467083193656,10.1147204797294,3.92329893297679,0.000101615195318327,0.032853476718968,0.174680156423669,"RAB10","RAB10, member RAS oncogene family"
"130","ILMN_1768773",-0.0801199762188816,8.58434824135031,-3.91494197912815,0.000105073827707781,0.0332565487670951,0.143107692054508,"EGLN2","egl-9 family hypoxia inducible factor 2"
"131","ILMN_1768773",-0.0801199762188816,8.58434824135031,-3.91494197912815,0.000105073827707781,0.0332565487670951,0.143107692054508,"RAB4B-EGLN2","RAB4B-EGLN2 readthrough (NMD candidate)"
"204","ILMN_2070052",-0.1802890817431,10.3050314712953,-3.91514086691037,0.000104990235902621,0.0332565487670951,0.143858359445419,"NPIPB13","nuclear pore complex interacting protein family, member B13"
"23","ILMN_1670472",0.0752080839369107,9.18912334913146,3.91271307382219,0.000106014949588099,0.0333379398246652,0.134697504832836,"FAF2","Fas associated factor family member 2"
"193","ILMN_1861896",-0.0409130602452077,7.96214467262703,-3.91077786748725,0.000106838529771969,0.0333815616547775,0.127399130440404,NA,NA
"22","ILMN_1669502",0.138104563113666,9.03814766291172,3.90104606806553,0.000111072813640961,0.0340532543412776,0.0907479146097439,"E2F3","E2F transcription factor 3"
"56","ILMN_1704876",0.104395472686964,8.66220084420974,3.903949334642,0.000109793263587141,0.0340532543412776,0.101673089880008,"USP38","ubiquitin specific peptidase 38"
"122","ILMN_1764549",0.0886142041430205,8.50438395399782,3.90102031197639,0.000111084227981271,0.0340532543412776,0.0906510267034175,"UBE3A","ubiquitin protein ligase E3A"
"21","ILMN_1667319",-0.0813647478613984,8.28121547393416,-3.89834855438895,0.000112274322905141,0.0340706769880196,0.0806037862310962,"PLPPR2","phospholipid phosphatase related 2"
"60","ILMN_1710209",0.0443349364134136,8.0086438900098,3.89775786097352,0.000112539062719444,0.0340706769880196,0.0783833280496449,"MFSD6","major facilitator superfamily domain containing 6"
"68","ILMN_1716105",-0.188582144448866,9.84130316325573,-3.89316140481683,0.000114619405991331,0.034274718324107,0.0611156368214907,"NLRP12","NLR family pyrin domain containing 12"
"230","ILMN_2261600",0.279437113058789,8.77479000419601,3.89426895222316,0.000114114830297862,0.034274718324107,0.0652746684734096,"FCGR1A","Fc gamma receptor Ia"
"231","ILMN_2261600",0.279437113058789,8.77479000419601,3.89426895222316,0.000114114830297862,0.034274718324107,0.0652746684734096,"FCGR1BP","Fc gamma receptor Ib, pseudogene"
"232","ILMN_2261600",0.279437113058789,8.77479000419601,3.89426895222316,0.000114114830297862,0.034274718324107,0.0652746684734096,"FCGR1CP","Fc gamma receptor Ic, pseudogene"
"9","ILMN_1657682",0.0540883061546076,8.16408946883553,3.88833691964442,0.000116842076213706,0.0345729790439339,0.0430117228102418,"GFM1","G elongation factor mitochondrial 1"
"106","ILMN_1748291",0.0732455958919864,8.45700160035768,3.8818968685548,0.000119872665430734,0.0345729790439339,0.0188779926735672,"SDE2","SDE2 telomere maintenance homolog"
"159","ILMN_1785926",0.0421593307307795,8.05457663146386,3.88249212006284,0.000119589459765303,0.0345729790439339,0.021107100254663,"ZNF621","zinc finger protein 621"
"224","ILMN_2204909",-0.151976595605591,9.60456361312277,-3.88395139090822,0.000118897851480307,0.0345729790439339,0.026573149489141,"XRCC2","X-ray repair cross complementing 2"
"237","ILMN_2307740",0.214608781648105,10.1325136433929,3.88489391210948,0.000118453165481998,0.0345729790439339,0.0301046065855415,"CD46","CD46 molecule"
"249","ILMN_2370976",0.0529595094179651,7.91652059793238,3.88606131860319,0.000117904559168223,0.0345729790439339,0.0344797756159902,"MYOF","myoferlin"
"240","ILMN_2323848",-0.0227025215859875,7.82386995846686,-3.87982243310985,0.00012086459665192,0.0346540127647521,0.0111121029386014,"PARD6A","par-6 family cell polarity regulator alpha"
"30","ILMN_1677487",-0.0550559086031566,8.17700770478454,-3.87491138555197,0.000123243952672037,0.0347234493707538,-0.00725754650956034,"ANKZF1","ankyrin repeat and zinc finger peptidyl tRNA hydrolase 1"
"235","ILMN_2285713",-0.124616107176051,8.89839010440296,-3.87565689839779,0.00012287992796793,0.0347234493707538,-0.0044703711484706,"TDP1","tyrosyl-DNA phosphodiesterase 1"
"238","ILMN_2310909",-0.0588137786866305,8.08314437193083,-3.87739562188143,0.000122034879342768,0.0347234493707538,0.00203196553868334,"ATP2A3","ATPase sarcoplasmic/endoplasmic reticulum Ca2+ transporting 3"
"178","ILMN_1804328",0.107733463530531,8.72575856015153,3.87111224359468,0.000125114926732513,0.0350479986137711,-0.0214532577268436,"WWP1","WW domain containing E3 ubiquitin protein ligase 1"
"95","ILMN_1738681",0.123260890754098,10.4606984292588,3.86886460078774,0.000126234445509663,0.03515953910304,-0.0298455896275511,"NUP62","nucleoporin 62"
"99","ILMN_1741176",0.0678509032230892,8.30244311940908,3.86323984728106,0.000129077723013727,0.0357471953132676,-0.0508275785359293,"CHMP2B","charged multivesicular body protein 2B"
"185","ILMN_1812967",-0.0979194193092159,8.81582352160878,-3.84856298678858,0.000136784673656991,0.037667562505023,-0.105442472589186,"CNPY3","canopy FGF signaling regulator 3"
"16","ILMN_1662964",0.0657421292679423,8.30984295743061,3.83897995523413,0.000142049395008526,0.0376744237735438,-0.140997728787337,"PRMT3","protein arginine methyltransferase 3"
"51","ILMN_1702301",0.114626899111865,9.29330643308238,3.83963348128803,0.000141684361313047,0.0376744237735438,-0.138575625780667,"DOCK10","dedicator of cytokinesis 10"
"76","ILMN_1720623",-0.0917767426914722,8.63118704635436,-3.83855559524858,0.000142286901399747,0.0376744237735438,-0.142570288720163,"SYTL3","synaptotagmin like 3"
"83","ILMN_1726769",0.15922236835693,10.7223874189527,3.83883256115451,0.000142131846233477,0.0376744237735438,-0.141543948597612,"CNDP2","carnosine dipeptidase 2"
"87","ILMN_1729749",0.341689621159077,9.67351540750368,3.84392492300356,0.000139309267823715,0.0376744237735438,-0.122661091227857,"HERC5","HECT and RLD domain containing E3 ubiquitin protein ligase 5"
"121","ILMN_1764165",-0.0187123428201525,7.83871389382191,-3.84605574942952,0.000138143994189732,0.0376744237735438,-0.114752893482619,"TRIM65","tripartite motif containing 65"
"233","ILMN_2262444",-0.106746265445334,8.95068963301284,-3.83729779813611,0.000142993073696311,0.0376744237735438,-0.147230381048645,NA,NA
"242","ILMN_2331082",0.139430904476344,9.2225533809248,3.83875565110132,0.000142174887139034,0.0376744237735438,-0.141828957662417,"MS4A7","membrane spanning 4-domains A7"
"143","ILMN_1777565",0.117604695069771,8.70662490746574,3.8357094176746,0.000143889580115609,0.0376961444914412,-0.153113235148997,"TAP2","transporter 2, ATP binding cassette subfamily B member"
"195","ILMN_1867321",-0.0265473485099719,7.92502931128087,-3.83441819584167,0.000144622276884402,0.0376961444914412,-0.157893832709848,NA,NA
"248","ILMN_2367753",-0.100169887406372,8.84425598503071,-3.8278836814272,0.000148384634087296,0.0384557492330257,-0.182064054496234,"ATP2B4","ATPase plasma membrane Ca2+ transporting 4"
"253","ILMN_2391141",0.0793346424318084,8.26264646212038,3.82663427648823,0.000149114451705754,0.0384557492330257,-0.186681037526929,"UBE3A","ubiquitin protein ligase E3A"
"32","ILMN_1678922",0.0803406182208128,8.41712780990269,3.82406668462105,0.000150624923755046,0.0386408422824656,-0.1961647573214,"HERC4","HECT and RLD domain containing E3 ubiquitin protein ligase 4"
"3","ILMN_1652825",-0.0919448714863673,9.0674989915388,-3.81874316480898,0.000153802836629307,0.0390450930363838,-0.215808893034139,"IL10RA","interleukin 10 receptor subunit alpha"
"137","ILMN_1772522",0.0534458082177558,8.26319822380472,3.81961934521352,0.000153275476720553,0.0390450930363838,-0.212577487817335,"ZBTB14","zinc finger and BTB domain containing 14"
"79","ILMN_1724066",-0.140295041691891,9.22606984913071,-3.81594682250945,0.000155497399824889,0.0392707474728742,-0.226117336000195,"PLCB2","phospholipase C beta 2"
"27","ILMN_1674560",-0.0511965492938824,8.2033594441504,-3.81068537152952,0.000158733711341917,0.0398814358671532,-0.24549403219079,"GBA2","glucosylceramidase beta 2"
"33","ILMN_1680193",0.0476976248273555,8.24220910224374,3.80470825442275,0.000162487376939443,0.0404079577897057,-0.267476042596199,"PAXIP1","PAX interacting protein 1"
"201","ILMN_2049766",0.0304172461192262,7.8768076145627,3.80530115341912,0.000162111321416899,0.0404079577897057,-0.2652969822679,"NFE2L3","NFE2 like bZIP transcription factor 3"
"257","ILMN_2399310",0.0429162949598272,8.07199855778542,3.80034838532259,0.00016527809677973,0.0408933248387696,-0.283489963331284,"MLLT10","MLLT10 histone lysine methyltransferase DOT1L cofactor"
"12","ILMN_1660900",-0.0341877431264823,8.12188659088019,-3.78553661249804,0.000175100768408325,0.0415017991269683,-0.337765766424095,"SNORA7B","small nucleolar RNA, H/ACA box 7B"
"119","ILMN_1763884",-0.0624241618867796,8.52858645021886,-3.79028253862481,0.000171894978786487,0.0415017991269683,-0.320396522482334,"PAM16","presequence translocase associated motor 16"
"120","ILMN_1763884",-0.0624241618867796,8.52858645021886,-3.79028253862481,0.000171894978786487,0.0415017991269683,-0.320396522482334,"CORO7-PAM16","CORO7-PAM16 readthrough"
"125","ILMN_1766902",-0.0166729899166675,7.81322798622374,-3.78694502227837,0.000174143572514105,0.0415017991269683,-0.33261336161846,NA,NA
"127","ILMN_1767894",0.107108486698564,8.9714216847076,3.79343721682609,0.000169794785147201,0.0415017991269683,-0.308839701500512,"POLB","DNA polymerase beta"
"154","ILMN_1784554",-0.0696986617778546,8.27856671202968,-3.7853583900941,0.000175222246780665,0.0415017991269683,-0.338417632101568,NA,NA
"158","ILMN_1785703",-0.112640478306909,8.83290340864399,-3.78509710014105,0.000175400488698771,0.0415017991269683,-0.339373273474815,"LMOD3","leiomodin 3"
"177","ILMN_1804277",0.0415296527148223,7.92282841952951,3.79002729761239,0.000172065970595238,0.0415017991269683,-0.321331177007058,"SPRED1","sprouty related EVH1 domain containing 1"
"202","ILMN_2055760",-0.0593596031518082,8.15955435432803,-3.78687993215446,0.000174187700587849,0.0415017991269683,-0.332851521222881,"LNPK","lunapark, ER junction formation factor"
"226","ILMN_2214910",-0.0422174644629374,7.90986762432509,-3.78642902215163,0.000174493686467271,0.0415017991269683,-0.334501260044927,"EPHB4","EPH receptor B4"
"198","ILMN_1900270",-0.0865060225937633,8.3152538083991,-3.78201615321083,0.000177515135921032,0.0417992403626229,-0.350636869082356,NA,NA
"29","ILMN_1677186",-0.0302651690383424,7.91114649370131,-3.7785658286047,0.000179911858440694,0.0421599221351746,-0.363240682168385,NA,NA
"141","ILMN_1776723",0.132127048665986,10.582404259716,3.77421942924031,0.000182974493511548,0.0426724534102387,-0.379102478442954,"PHF11","PHD finger protein 11"
"174","ILMN_1801767",0.105232220647045,8.56130048723188,3.77212849881474,0.000184465300966098,0.0428152747604264,-0.386727056177494,"ABHD3","abhydrolase domain containing 3, phospholipase"
"184","ILMN_1812759",0.0798935323459382,8.1067228500653,3.76965092747186,0.000186246610587561,0.0429763052742791,-0.395756401290015,"GCH1","GTP cyclohydrolase 1"
"260","ILMN_2411731",0.0412840172726039,8.08150566439048,3.76871669212083,0.000186922504578129,0.0429763052742791,-0.399159718724395,"HPS5","HPS5 biogenesis of lysosomal organelles complex 2 subunit 2"
"37","ILMN_1686662",-0.0844808556627843,8.40939318918074,-3.76702619915184,0.000188151415278234,0.0430557571994914,-0.405315993172985,"ANP32A-IT1","ANP32A intronic transcript 1"
"49","ILMN_1700432",-0.0985103163935026,8.95100523210119,-3.76437405818317,0.000190094766818722,0.0430958098803636,-0.41496909475464,"ITPKB","inositol-trisphosphate 3-kinase B"
"148","ILMN_1780334",0.139087754240176,9.25891302083282,3.76485349718862,0.000189742062781169,0.0430958098803636,-0.413224533029817,"KCNJ2","potassium inwardly rectifying channel subfamily J member 2"
"124","ILMN_1765860",0.145533738913779,9.17408830657734,3.76066796941012,0.000192842125941555,0.043516254178904,-0.428447630633328,"DOCK11","dedicator of cytokinesis 11"
"186","ILMN_1812995",0.0954163628653308,8.23522062243923,3.75726079257172,0.00019540089634466,0.043890463085859,-0.440828098083714,"CTSL","cathepsin L"
"171","ILMN_1797728",0.0603388147980066,8.10331553719641,3.75286967909601,0.000198745831458569,0.0444370152153834,-0.45676834291995,"HMGCS1","3-hydroxy-3-methylglutaryl-CoA synthase 1"
"25","ILMN_1672356",-0.110139383196556,8.87403480844492,-3.74624017962396,0.000203898297636051,0.0449701847211601,-0.48080111052122,NA,NA
"34","ILMN_1683178",0.0638252832776391,8.08845861360958,3.74726445791213,0.000203094084427102,0.0449701847211601,-0.477090572715368,"JAK2","Janus kinase 2"
"73","ILMN_1718013",-0.0434042328474114,8.09185488030255,-3.74754843418325,0.000202871650124488,0.0449701847211601,-0.476061675573914,"INTS11","integrator complex subunit 11"
"53","ILMN_1704305",0.0856203261673212,8.62080570065019,3.74102554190264,0.000208039329763378,0.0450677911614515,-0.499676858812388,"NIP7","nucleolar pre-rRNA processing protein NIP7"
"113","ILMN_1757347",0.0377046131014716,8.04605365281754,3.74177893155086,0.00020743619019166,0.0450677911614515,-0.496951289742674,"KIAA0930","KIAA0930"
"118","ILMN_1763000",0.101013642212871,8.96149035288875,3.74164545008784,0.000207542930894945,0.0450677911614515,-0.497434228663858,"ADAP2","ArfGAP with dual PH domains 2"
"173","ILMN_1801124",0.0525988666173678,8.15676139278717,3.74297137289603,0.000206484927432381,0.0450677911614515,-0.492636294135358,"MSANTD4","Myb/SANT DNA binding domain containing 4 with coiled-coils"
"54","ILMN_1704571",-0.120646157482458,9.11188407218671,-3.73250357152804,0.000214977829046158,0.0453612525686919,-0.530471336783259,"FAM53B","family with sequence similarity 53 member B"
"65","ILMN_1713759",0.0929461933510183,8.95951905354528,3.73333888544541,0.000214288205745351,0.0453612525686919,-0.527455805977691,"UBE2J1","ubiquitin conjugating enzyme E2 J1"
"85","ILMN_1728163",-0.128472649542291,9.56286244826825,-3.7348088159692,0.000213079711021577,0.0453612525686919,-0.522147737615248,"CTDSP1","CTD small phosphatase 1"
"110","ILMN_1751079",0.207456035713253,11.1235868505052,3.73435205623867,0.000213454543865779,0.0453612525686919,-0.523797353070064,"TAP1","transporter 1, ATP binding cassette subfamily B member"
"132","ILMN_1769433",0.0800115806935278,8.26564687409928,3.73426037723351,0.000213529853664407,0.0453612525686919,-0.524128434571894,"IQGAP2","IQ motif containing GTPase activating protein 2"
"194","ILMN_1863185",0.0285167380410458,7.86670355666648,3.7372655250223,0.000211074267408858,0.0453612525686919,-0.513271940933701,NA,NA
"8","ILMN_1657509",-0.0593768493292348,8.15270048152781,-3.72661828292311,0.000219896237852328,0.0456092869165879,-0.551699638512601,"TSEN54","tRNA splicing endonuclease subunit 54"
"17","ILMN_1663407",-0.06074914264779,8.55822274321933,-3.72666140774704,0.000219859815415646,0.0456092869165879,-0.55154420098421,"SURF1","SURF1 cytochrome c oxidase assembly factor"
"156","ILMN_1785528",-0.0907250930867978,8.34254671991214,-3.72832850688474,0.000218456162716764,0.0456092869165879,-0.545534077838138,"WASH3P","WASP family homolog 3, pseudogene"
"157","ILMN_1785528",-0.0907250930867978,8.34254671991214,-3.72832850688474,0.000218456162716764,0.0456092869165879,-0.545534077838138,"WASH7P","WASP family homolog 7, pseudogene"
"164","ILMN_1793269",-0.0445710421206851,8.07429809369985,-3.7296461042897,0.000217352759048719,0.0456092869165879,-0.540782174310951,"RAB37","RAB37, member RAS oncogene family"
"138","ILMN_1773741",0.0437962802846901,8.37456048724079,3.72482992661684,0.000221411666269509,0.045729014564866,-0.558144039422504,"GOLGA5","golgin A5"
"222","ILMN_2176882",-0.15886170348514,9.91721770168668,-3.72222040788152,0.000223640597567057,0.0459944726017448,-0.567542323469078,"ZNF69","zinc finger protein 69"
"234","ILMN_2279367",-0.116450051107375,9.09053082265616,-3.72089910902856,0.000224777234734982,0.0460339998968592,-0.572298678285463,"FCAR","Fc alpha receptor"
"88","ILMN_1729929",-0.0199402851597972,7.73567195127811,-3.71780719760681,0.000227458328817414,0.0463881751599096,-0.583422620746668,"GPR179","G protein-coupled receptor 179"
"10","ILMN_1657996",-0.0854564065689445,8.4791627430893,-3.71501701396292,0.000229903613141567,0.0466915079656094,-0.593453577408884,NA,NA
"210","ILMN_2107184",0.17135565054698,9.95775821102162,3.71175788029548,0.00023279122533776,0.0470817838398884,-0.60516150841333,"SNRK","SNF related kinase"
"86","ILMN_1728975",0.0546558137949766,8.47272656721563,3.70892237778948,0.000235331247519373,0.0473988250685508,-0.615339770798198,"SCO1","synthesis of cytochrome C oxidase 1"
"176","ILMN_1802646",-0.0463094189761168,7.98782003973878,-3.70695019744437,0.000237113275097721,0.0475612150403833,-0.622414767588571,"EPHB6","EPH receptor B6"
"97","ILMN_1739967",0.0903872404543336,8.62766410915617,3.70298678894157,0.000240733034310211,0.0480893834358537,-0.636622418206927,"TBK1","TANK binding kinase 1"
"36","ILMN_1686454",0.0223761185954174,7.79039969342163,3.69637052636131,0.000246891779933224,0.0489629943295372,-0.660307998450343,"TIFA","TRAF interacting protein with forkhead associated domain"
"220","ILMN_2161357",0.0977745176574825,8.73086193618771,3.69613327669867,0.000247115354418492,0.0489629943295372,-0.661156591175981,"PNISR","PNN interacting serine and arginine rich protein"
"114","ILMN_1758778",0.0425410367569548,8.16526409811703,3.69450575264903,0.0002486542124861,0.0490578356920965,-0.666976528453972,"CNTRL","centriolin"
"219","ILMN_2159322",0.0759122439102615,8.11380451325212,3.69350283741783,0.000249606976563127,0.0490578356920965,-0.670561700838803,"SLK","STE20 like kinase"
"4","ILMN_1654612",-0.0601585221927099,8.1356758855543,-3.69216187413001,0.000250886253634525,0.0491112360427872,-0.675353883733795,"ZNF589","zinc finger protein 589"
"26","ILMN_1674063",0.244408927107223,10.3706690276646,3.69039841623966,0.000252577984647234,0.0492446245107019,-0.681653444046679,"OAS2","2'-5'-oligoadenylate synthetase 2"
"250","ILMN_2371147",-0.0791137858390591,8.48696141393638,-3.68629646737576,0.000256554710983511,0.0498206761862881,-0.696295815327005,"BCL7C","BAF chromatin remodeling complex subunit BCL7C"
